"","family","type","count","length","lang","relative_frequency","random_baseline","min_baseline"
"1","Afro-Asiatic","في",54,2,"Arabic",0.0422866092404072,4,2
"2","Afro-Asiatic","أو",45,2,"Arabic",0.0352388410336727,4,2
"3","Afro-Asiatic","المادة",30,6,"Arabic",0.0234925606891151,3,2
"4","Afro-Asiatic","الحق",30,4,"Arabic",0.0234925606891151,4,2
"5","Afro-Asiatic","لكل",26,3,"Arabic",0.0203602192638998,5,2
"6","Afro-Asiatic","أن",20,2,"Arabic",0.0156617071260767,7,2
"7","Afro-Asiatic","من",19,2,"Arabic",0.0148786217697729,5,2
"8","Afro-Asiatic","على",18,3,"Arabic",0.0140955364134691,9,2
"9","Afro-Asiatic","شخص",17,3,"Arabic",0.0133124510571652,4,2
"10","Afro-Asiatic","أي",15,2,"Arabic",0.0117462803445576,6,2
"11","Afro-Asiatic","فرد",14,3,"Arabic",0.0109631949882537,4,2
"12","Afro-Asiatic","لا",11,2,"Arabic",0.00861393891934221,6,2
"13","Afro-Asiatic","إلى",10,3,"Arabic",0.00783085356303837,5,2
"14","Afro-Asiatic","كان",8,3,"Arabic",0.0062646828504307,5,2
"15","Afro-Asiatic","الإنسان",8,7,"Arabic",0.0062646828504307,7,2
"16","Afro-Asiatic","الحقوق",8,6,"Arabic",0.0062646828504307,4,2
"17","Afro-Asiatic","هذا",8,3,"Arabic",0.0062646828504307,9,2
"18","Afro-Asiatic","حرية",8,4,"Arabic",0.0062646828504307,5,2
"19","Afro-Asiatic","والحريات",7,8,"Arabic",0.00548159749412686,10,2
"20","Afro-Asiatic","كل",7,2,"Arabic",0.00548159749412686,5,2
"21","Afro-Asiatic","حق",7,2,"Arabic",0.00548159749412686,7,2
"22","Afro-Asiatic","دون",7,3,"Arabic",0.00548159749412686,5,3
"23","Afro-Asiatic","ولما",6,4,"Arabic",0.00469851213782302,6,3
"24","Afro-Asiatic","الإعلان",6,7,"Arabic",0.00469851213782302,5,3
"25","Afro-Asiatic","عن",6,2,"Arabic",0.00469851213782302,8,3
"26","Afro-Asiatic","له",6,2,"Arabic",0.00469851213782302,6,3
"27","Afro-Asiatic","يجوز",6,4,"Arabic",0.00469851213782302,6,3
"28","Afro-Asiatic","حقوق",5,4,"Arabic",0.00391542678151919,7,3
"29","Afro-Asiatic","القانون",5,7,"Arabic",0.00391542678151919,5,3
"30","Afro-Asiatic","حماية",5,5,"Arabic",0.00391542678151919,4,3
"31","Afro-Asiatic","بين",5,3,"Arabic",0.00391542678151919,5,3
"32","Afro-Asiatic","الأمم",5,5,"Arabic",0.00391542678151919,6,3
"33","Afro-Asiatic","المتحدة",5,7,"Arabic",0.00391542678151919,7,3
"34","Afro-Asiatic","الأساسية",5,8,"Arabic",0.00391542678151919,7,3
"35","Afro-Asiatic","مع",5,2,"Arabic",0.00391542678151919,2,3
"36","Afro-Asiatic","المجتمع",5,7,"Arabic",0.00391542678151919,2,3
"37","Afro-Asiatic","إنسان",5,5,"Arabic",0.00391542678151919,5,3
"38","Afro-Asiatic","التمتع",5,6,"Arabic",0.00391542678151919,2,3
"39","Afro-Asiatic","التي",5,4,"Arabic",0.00391542678151919,6,3
"40","Afro-Asiatic","ذلك",5,3,"Arabic",0.00391542678151919,6,3
"41","Afro-Asiatic","إليه",4,4,"Arabic",0.00313234142521535,5,3
"42","Afro-Asiatic","فيه",4,3,"Arabic",0.00313234142521535,5,3
"43","Afro-Asiatic","الفرد",4,5,"Arabic",0.00313234142521535,5,3
"44","Afro-Asiatic","كانت",4,4,"Arabic",0.00313234142521535,3,3
"45","Afro-Asiatic","بهذا",4,4,"Arabic",0.00313234142521535,10,3
"46","Afro-Asiatic","العامة",4,6,"Arabic",0.00313234142521535,5,3
"47","Afro-Asiatic","التعليم",4,7,"Arabic",0.00313234142521535,5,3
"48","Afro-Asiatic","تمييز",4,5,"Arabic",0.00313234142521535,6,3
"49","Afro-Asiatic","قدم",4,3,"Arabic",0.00313234142521535,5,3
"50","Afro-Asiatic","الزواج",4,6,"Arabic",0.00313234142521535,7,3
"51","Afro-Asiatic","الاجتماعية",4,10,"Arabic",0.00313234142521535,4,3
"52","Afro-Asiatic","وفي",4,3,"Arabic",0.00313234142521535,6,3
"53","Afro-Asiatic","الاعتراف",3,8,"Arabic",0.00234925606891151,5,3
"54","Afro-Asiatic","جميع",3,4,"Arabic",0.00234925606891151,5,3
"55","Afro-Asiatic","أساس",3,4,"Arabic",0.00234925606891151,6,3
"56","Afro-Asiatic","قد",3,2,"Arabic",0.00234925606891151,6,3
"57","Afro-Asiatic","ما",3,2,"Arabic",0.00234925606891151,3,3
"58","Afro-Asiatic","آخر",3,3,"Arabic",0.00234925606891151,6,3
"59","Afro-Asiatic","الدول",3,5,"Arabic",0.00234925606891151,3,3
"60","Afro-Asiatic","متساوية",3,7,"Arabic",0.00234925606891151,5,3
"61","Afro-Asiatic","وأن",3,3,"Arabic",0.00234925606891151,4,3
"62","Afro-Asiatic","الذي",3,4,"Arabic",0.00234925606891151,6,3
"63","Afro-Asiatic","هذه",3,3,"Arabic",0.00234925606891151,7,3
"64","Afro-Asiatic","أية",3,3,"Arabic",0.00234925606891151,5,3
"65","Afro-Asiatic","يكون",3,4,"Arabic",0.00234925606891151,5,3
"66","Afro-Asiatic","الدولي",3,6,"Arabic",0.00234925606891151,6,3
"67","Afro-Asiatic","سواء",3,4,"Arabic",0.00234925606891151,2,3
"68","Afro-Asiatic","تلك",3,3,"Arabic",0.00234925606891151,9,3
"69","Afro-Asiatic","غير",3,3,"Arabic",0.00234925606891151,5,3
"70","Afro-Asiatic","كما",3,3,"Arabic",0.00234925606891151,5,3
"71","Afro-Asiatic","المساواة",3,8,"Arabic",0.00234925606891151,8,3
"72","Afro-Asiatic","عمل",3,3,"Arabic",0.00234925606891151,5,3
"73","Afro-Asiatic","أحد",3,3,"Arabic",0.00234925606891151,5,3
"74","Afro-Asiatic","بالكرامة",2,8,"Arabic",0.00156617071260767,6,3
"75","Afro-Asiatic","الأسرة",2,6,"Arabic",0.00156617071260767,3,3
"76","Afro-Asiatic","الحرية",2,6,"Arabic",0.00156617071260767,3,3
"77","Afro-Asiatic","أعمال",2,5,"Arabic",0.00156617071260767,5,3
"78","Afro-Asiatic","تعزيز",2,5,"Arabic",0.00156617071260767,7,3
"79","Afro-Asiatic","بحقوق",2,5,"Arabic",0.00156617071260767,5,3
"80","Afro-Asiatic","وبما",2,4,"Arabic",0.00156617071260767,5,3
"81","Afro-Asiatic","والنساء",2,7,"Arabic",0.00156617071260767,8,3
"82","Afro-Asiatic","الاجتماعي",2,9,"Arabic",0.00156617071260767,3,3
"83","Afro-Asiatic","مستوى",2,5,"Arabic",0.00156617071260767,4,3
"84","Afro-Asiatic","الحياة",2,6,"Arabic",0.00156617071260767,5,3
"85","Afro-Asiatic","الأعضاء",2,7,"Arabic",0.00156617071260767,4,3
"86","Afro-Asiatic","واحترامها",2,9,"Arabic",0.00156617071260767,9,3
"87","Afro-Asiatic","العام",2,5,"Arabic",0.00156617071260767,5,3
"88","Afro-Asiatic","أنه",2,3,"Arabic",0.00156617071260767,9,3
"89","Afro-Asiatic","الشعوب",2,6,"Arabic",0.00156617071260767,8,3
"90","Afro-Asiatic","احترام",2,6,"Arabic",0.00156617071260767,7,3
"91","Afro-Asiatic","لضمان",2,5,"Arabic",0.00156617071260767,2,3
"92","Afro-Asiatic","ومراعاتها",2,9,"Arabic",0.00156617071260767,6,4
"93","Afro-Asiatic","الناس",2,5,"Arabic",0.00156617071260767,4,4
"94","Afro-Asiatic","بكافة",2,5,"Arabic",0.00156617071260767,7,4
"95","Afro-Asiatic","الواردة",2,7,"Arabic",0.00156617071260767,3,4
"96","Afro-Asiatic","بسبب",2,4,"Arabic",0.00156617071260767,3,4
"97","Afro-Asiatic","الجنس",2,5,"Arabic",0.00156617071260767,7,4
"98","Afro-Asiatic","الدين",2,5,"Arabic",0.00156617071260767,3,4
"99","Afro-Asiatic","الرأي",2,5,"Arabic",0.00156617071260767,6,4
"100","Afro-Asiatic","السياسي",2,7,"Arabic",0.00156617071260767,5,4
"101","Afro-Asiatic","الوطني",2,6,"Arabic",0.00156617071260767,8,4
"102","Afro-Asiatic","تفرقة",2,5,"Arabic",0.00156617071260767,4,4
"103","Afro-Asiatic","البقعة",2,6,"Arabic",0.00156617071260767,6,4
"104","Afro-Asiatic","إليها",2,5,"Arabic",0.00156617071260767,6,4
"105","Afro-Asiatic","قيد",2,3,"Arabic",0.00156617071260767,5,4
"106","Afro-Asiatic","القيود",2,6,"Arabic",0.00156617071260767,5,4
"107","Afro-Asiatic","أمام",2,4,"Arabic",0.00156617071260767,4,4
"108","Afro-Asiatic","بحماية",2,6,"Arabic",0.00156617071260767,6,4
"109","Afro-Asiatic","عنه",2,3,"Arabic",0.00156617071260767,2,4
"110","Afro-Asiatic","يلجأ",2,4,"Arabic",0.00156617071260767,8,4
"111","Afro-Asiatic","فيها",2,4,"Arabic",0.00156617071260767,6,4
"112","Afro-Asiatic","التامة",2,6,"Arabic",0.00156617071260767,5,4
"113","Afro-Asiatic","نزيهة",2,5,"Arabic",0.00156617071260767,6,4
"114","Afro-Asiatic","حقوقه",2,5,"Arabic",0.00156617071260767,4,4
"115","Afro-Asiatic","يعتبر",2,5,"Arabic",0.00156617071260767,3,4
"116","Afro-Asiatic","أداة",2,4,"Arabic",0.00156617071260767,5,4
"117","Afro-Asiatic","إلا",2,3,"Arabic",0.00156617071260767,3,4
"118","Afro-Asiatic","وقت",2,3,"Arabic",0.00156617071260767,3,4
"119","Afro-Asiatic","دولة",2,4,"Arabic",0.00156617071260767,6,4
"120","Afro-Asiatic","يحق",2,3,"Arabic",0.00156617071260767,6,4
"121","Afro-Asiatic","بلاد",2,4,"Arabic",0.00156617071260767,3,4
"122","Afro-Asiatic","أخرى",2,4,"Arabic",0.00156617071260767,5,4
"123","Afro-Asiatic","أغراض",2,5,"Arabic",0.00156617071260767,4,4
"124","Afro-Asiatic","ومبادئها",2,8,"Arabic",0.00156617071260767,6,4
"125","Afro-Asiatic","عند",2,3,"Arabic",0.00156617071260767,7,4
"126","Afro-Asiatic","هي",2,2,"Arabic",0.00156617071260767,3,4
"127","Afro-Asiatic","ويشمل",2,5,"Arabic",0.00156617071260767,7,4
"128","Afro-Asiatic","الاشتراك",2,8,"Arabic",0.00156617071260767,8,4
"129","Afro-Asiatic","والجماعات",2,9,"Arabic",0.00156617071260767,5,4
"130","Afro-Asiatic","دورية",2,5,"Arabic",0.00156617071260767,4,4
"131","Afro-Asiatic","وعلى",2,4,"Arabic",0.00156617071260767,8,4
"132","Afro-Asiatic","لشخصيته",2,7,"Arabic",0.00156617071260767,3,4
"133","Afro-Asiatic","العمل",2,5,"Arabic",0.00156617071260767,7,4
"134","Afro-Asiatic","وله",2,3,"Arabic",0.00156617071260767,5,4
"135","Afro-Asiatic","الحماية",2,7,"Arabic",0.00156617071260767,5,4
"136","Afro-Asiatic","البطالة",2,7,"Arabic",0.00156617071260767,4,4
"137","Afro-Asiatic","أجر",2,3,"Arabic",0.00156617071260767,6,4
"138","Afro-Asiatic","ولأسرته",2,7,"Arabic",0.00156617071260767,7,4
"139","Afro-Asiatic","وسائل",2,5,"Arabic",0.00156617071260767,4,4
"140","Afro-Asiatic","الفني",2,5,"Arabic",0.00156617071260767,5,4
"141","Afro-Asiatic","إنماء",2,5,"Arabic",0.00156617071260767,4,4
"142","Afro-Asiatic","وإلى",2,4,"Arabic",0.00156617071260767,4,4
"143","Afro-Asiatic","العلمي",2,6,"Arabic",0.00156617071260767,3,4
"144","Afro-Asiatic","ممارسة",2,6,"Arabic",0.00156617071260767,3,4
"145","Afro-Asiatic","وحرياته",2,7,"Arabic",0.00156617071260767,4,4
"146","Afro-Asiatic","الديباجة",1,8,"Arabic",0.000783085356303837,6,4
"147","Afro-Asiatic","لما",1,3,"Arabic",0.000783085356303837,5,4
"148","Afro-Asiatic","المتأصلة",1,8,"Arabic",0.000783085356303837,7,4
"149","Afro-Asiatic","أعضاء",1,5,"Arabic",0.000783085356303837,2,4
"150","Afro-Asiatic","البشرية",1,7,"Arabic",0.000783085356303837,2,4
"151","Afro-Asiatic","وبحقوقهم",1,8,"Arabic",0.000783085356303837,7,4
"152","Afro-Asiatic","المتساوية",1,9,"Arabic",0.000783085356303837,3,4
"153","Afro-Asiatic","الثابتة",1,7,"Arabic",0.000783085356303837,9,4
"154","Afro-Asiatic","هو",1,2,"Arabic",0.000783085356303837,8,4
"155","Afro-Asiatic","والعدل",1,6,"Arabic",0.000783085356303837,6,4
"156","Afro-Asiatic","والسلام",1,7,"Arabic",0.000783085356303837,5,4
"157","Afro-Asiatic","العالم",1,6,"Arabic",0.000783085356303837,6,4
"158","Afro-Asiatic","تناسي",1,5,"Arabic",0.000783085356303837,6,4
"159","Afro-Asiatic","وازدراؤها",1,9,"Arabic",0.000783085356303837,6,4
"160","Afro-Asiatic","أفضيا",1,5,"Arabic",0.000783085356303837,6,4
"161","Afro-Asiatic","همجية",1,5,"Arabic",0.000783085356303837,7,4
"162","Afro-Asiatic","آذت",1,3,"Arabic",0.000783085356303837,2,4
"163","Afro-Asiatic","الضمير",1,6,"Arabic",0.000783085356303837,6,4
"164","Afro-Asiatic","الإنساني",1,8,"Arabic",0.000783085356303837,6,4
"165","Afro-Asiatic","وكان",1,4,"Arabic",0.000783085356303837,4,4
"166","Afro-Asiatic","غاية",1,4,"Arabic",0.000783085356303837,3,4
"167","Afro-Asiatic","يرنو",1,4,"Arabic",0.000783085356303837,5,4
"168","Afro-Asiatic","عامة",1,4,"Arabic",0.000783085356303837,3,4
"169","Afro-Asiatic","البشر",1,5,"Arabic",0.000783085356303837,4,4
"170","Afro-Asiatic","انبثاق",1,6,"Arabic",0.000783085356303837,6,4
"171","Afro-Asiatic","عالم",1,4,"Arabic",0.000783085356303837,6,4
"172","Afro-Asiatic","يتمتع",1,5,"Arabic",0.000783085356303837,4,4
"173","Afro-Asiatic","بحرية",1,5,"Arabic",0.000783085356303837,7,4
"174","Afro-Asiatic","القول",1,5,"Arabic",0.000783085356303837,5,4
"175","Afro-Asiatic","والعقيدة",1,8,"Arabic",0.000783085356303837,8,4
"176","Afro-Asiatic","ويتحرر",1,6,"Arabic",0.000783085356303837,7,4
"177","Afro-Asiatic","الفزع",1,5,"Arabic",0.000783085356303837,6,4
"178","Afro-Asiatic","والفاقة",1,7,"Arabic",0.000783085356303837,7,4
"179","Afro-Asiatic","الضروري",1,7,"Arabic",0.000783085356303837,4,4
"180","Afro-Asiatic","يتولى",1,5,"Arabic",0.000783085356303837,6,4
"181","Afro-Asiatic","لكيلا",1,5,"Arabic",0.000783085356303837,6,4
"182","Afro-Asiatic","يضطر",1,4,"Arabic",0.000783085356303837,7,4
"183","Afro-Asiatic","المرء",1,5,"Arabic",0.000783085356303837,8,4
"184","Afro-Asiatic","الأمر",1,5,"Arabic",0.000783085356303837,6,4
"185","Afro-Asiatic","التمرد",1,6,"Arabic",0.000783085356303837,4,4
"186","Afro-Asiatic","الاستبداد",1,9,"Arabic",0.000783085356303837,7,4
"187","Afro-Asiatic","والظلم",1,6,"Arabic",0.000783085356303837,7,4
"188","Afro-Asiatic","الجوهري",1,7,"Arabic",0.000783085356303837,5,4
"189","Afro-Asiatic","تنمية",1,5,"Arabic",0.000783085356303837,7,4
"190","Afro-Asiatic","العلاقات",1,8,"Arabic",0.000783085356303837,5,4
"191","Afro-Asiatic","الودية",1,6,"Arabic",0.000783085356303837,5,4
"192","Afro-Asiatic","شعوب",1,4,"Arabic",0.000783085356303837,5,4
"193","Afro-Asiatic","أكدت",1,4,"Arabic",0.000783085356303837,6,4
"194","Afro-Asiatic","الميثاق",1,7,"Arabic",0.000783085356303837,6,4
"195","Afro-Asiatic","جديد",1,4,"Arabic",0.000783085356303837,6,4
"196","Afro-Asiatic","إيمانها",1,7,"Arabic",0.000783085356303837,5,4
"197","Afro-Asiatic","وبكرامة",1,7,"Arabic",0.000783085356303837,6,4
"198","Afro-Asiatic","وقدره",1,5,"Arabic",0.000783085356303837,7,4
"199","Afro-Asiatic","للرجال",1,6,"Arabic",0.000783085356303837,6,4
"200","Afro-Asiatic","وحزمت",1,5,"Arabic",0.000783085356303837,6,4
"201","Afro-Asiatic","أمرها",1,5,"Arabic",0.000783085356303837,7,4
"202","Afro-Asiatic","تدفع",1,4,"Arabic",0.000783085356303837,5,4
"203","Afro-Asiatic","بالرقي",1,6,"Arabic",0.000783085356303837,2,4
"204","Afro-Asiatic","ترفع",1,4,"Arabic",0.000783085356303837,8,4
"205","Afro-Asiatic","جو",1,2,"Arabic",0.000783085356303837,7,4
"206","Afro-Asiatic","أفسح",1,4,"Arabic",0.000783085356303837,6,4
"207","Afro-Asiatic","تعهدت",1,5,"Arabic",0.000783085356303837,5,4
"208","Afro-Asiatic","بالتعاون",1,8,"Arabic",0.000783085356303837,4,4
"209","Afro-Asiatic","ضمان",1,4,"Arabic",0.000783085356303837,8,4
"210","Afro-Asiatic","اطراد",1,5,"Arabic",0.000783085356303837,5,4
"211","Afro-Asiatic","مراعاة",1,6,"Arabic",0.000783085356303837,6,4
"212","Afro-Asiatic","للإدراك",1,7,"Arabic",0.000783085356303837,6,4
"213","Afro-Asiatic","لهذه",1,4,"Arabic",0.000783085356303837,3,4
"214","Afro-Asiatic","الأهمية",1,7,"Arabic",0.000783085356303837,4,5
"215","Afro-Asiatic","الكبرى",1,6,"Arabic",0.000783085356303837,7,5
"216","Afro-Asiatic","للوفاء",1,6,"Arabic",0.000783085356303837,4,5
"217","Afro-Asiatic","التام",1,5,"Arabic",0.000783085356303837,3,5
"218","Afro-Asiatic","التعهد",1,6,"Arabic",0.000783085356303837,5,5
"219","Afro-Asiatic","فإن",1,3,"Arabic",0.000783085356303837,9,5
"220","Afro-Asiatic","الجمعية",1,7,"Arabic",0.000783085356303837,4,5
"221","Afro-Asiatic","تنادي",1,5,"Arabic",0.000783085356303837,3,5
"222","Afro-Asiatic","العالمي",1,7,"Arabic",0.000783085356303837,7,5
"223","Afro-Asiatic","لحقوق",1,5,"Arabic",0.000783085356303837,7,5
"224","Afro-Asiatic","المستوى",1,7,"Arabic",0.000783085356303837,5,5
"225","Afro-Asiatic","المشترك",1,7,"Arabic",0.000783085356303837,6,5
"226","Afro-Asiatic","ينبغي",1,5,"Arabic",0.000783085356303837,4,5
"227","Afro-Asiatic","تستهدفه",1,7,"Arabic",0.000783085356303837,5,5
"228","Afro-Asiatic","كافة",1,4,"Arabic",0.000783085356303837,4,5
"229","Afro-Asiatic","والأمم",1,6,"Arabic",0.000783085356303837,3,5
"230","Afro-Asiatic","حتى",1,3,"Arabic",0.000783085356303837,7,5
"231","Afro-Asiatic","يسعى",1,4,"Arabic",0.000783085356303837,7,5
"232","Afro-Asiatic","وهيئة",1,5,"Arabic",0.000783085356303837,5,5
"233","Afro-Asiatic","واضعين",1,6,"Arabic",0.000783085356303837,4,5
"234","Afro-Asiatic","الدوام",1,6,"Arabic",0.000783085356303837,5,5
"235","Afro-Asiatic","نصب",1,3,"Arabic",0.000783085356303837,4,5
"236","Afro-Asiatic","أعينهم",1,6,"Arabic",0.000783085356303837,4,5
"237","Afro-Asiatic","توطيد",1,5,"Arabic",0.000783085356303837,8,5
"238","Afro-Asiatic","طريق",1,4,"Arabic",0.000783085356303837,5,5
"239","Afro-Asiatic","والتربية",1,8,"Arabic",0.000783085356303837,5,5
"240","Afro-Asiatic","واتخاذ",1,6,"Arabic",0.000783085356303837,5,5
"241","Afro-Asiatic","إجراءات",1,7,"Arabic",0.000783085356303837,6,5
"242","Afro-Asiatic","مطردة",1,5,"Arabic",0.000783085356303837,3,5
"243","Afro-Asiatic","قومية",1,5,"Arabic",0.000783085356303837,9,5
"244","Afro-Asiatic","وعالمية",1,7,"Arabic",0.000783085356303837,5,5
"245","Afro-Asiatic","بها",1,3,"Arabic",0.000783085356303837,5,5
"246","Afro-Asiatic","بصورة",1,5,"Arabic",0.000783085356303837,7,5
"247","Afro-Asiatic","عالمية",1,6,"Arabic",0.000783085356303837,5,5
"248","Afro-Asiatic","فعالة",1,5,"Arabic",0.000783085356303837,4,5
"249","Afro-Asiatic","ذاتها",1,5,"Arabic",0.000783085356303837,4,5
"250","Afro-Asiatic","وشعوب",1,5,"Arabic",0.000783085356303837,7,5
"251","Afro-Asiatic","البقاع",1,6,"Arabic",0.000783085356303837,3,5
"252","Afro-Asiatic","الخاضعة",1,7,"Arabic",0.000783085356303837,3,5
"253","Afro-Asiatic","لسلطانها",1,8,"Arabic",0.000783085356303837,3,5
"254","Afro-Asiatic","يولد",1,4,"Arabic",0.000783085356303837,6,5
"255","Afro-Asiatic","متساوين",1,7,"Arabic",0.000783085356303837,7,5
"256","Afro-Asiatic","الكرامة",1,7,"Arabic",0.000783085356303837,6,5
"257","Afro-Asiatic","والحقوق",1,7,"Arabic",0.000783085356303837,7,5
"258","Afro-Asiatic","وقد",1,3,"Arabic",0.000783085356303837,5,5
"259","Afro-Asiatic","وهبوا",1,5,"Arabic",0.000783085356303837,4,5
"260","Afro-Asiatic","وعليهم",1,6,"Arabic",0.000783085356303837,3,5
"261","Afro-Asiatic","يعامل",1,5,"Arabic",0.000783085356303837,4,5
"262","Afro-Asiatic","بعضهم",1,5,"Arabic",0.000783085356303837,5,5
"263","Afro-Asiatic","بروح",1,4,"Arabic",0.000783085356303837,5,5
"264","Afro-Asiatic","الإخاء",1,6,"Arabic",0.000783085356303837,8,5
"265","Afro-Asiatic","كالتمييز",1,8,"Arabic",0.000783085356303837,5,5
"266","Afro-Asiatic","العنصر",1,6,"Arabic",0.000783085356303837,3,5
"267","Afro-Asiatic","اللون",1,5,"Arabic",0.000783085356303837,6,5
"268","Afro-Asiatic","اللغة",1,5,"Arabic",0.000783085356303837,5,5
"269","Afro-Asiatic","رأي",1,3,"Arabic",0.000783085356303837,7,5
"270","Afro-Asiatic","الأصل",1,5,"Arabic",0.000783085356303837,7,5
"271","Afro-Asiatic","الثروة",1,6,"Arabic",0.000783085356303837,6,5
"272","Afro-Asiatic","الميلاد",1,7,"Arabic",0.000783085356303837,8,5
"273","Afro-Asiatic","وضع",1,3,"Arabic",0.000783085356303837,6,5
"274","Afro-Asiatic","الرجال",1,6,"Arabic",0.000783085356303837,4,5
"275","Afro-Asiatic","وفضلا",1,5,"Arabic",0.000783085356303837,6,5
"276","Afro-Asiatic","عما",1,3,"Arabic",0.000783085356303837,7,5
"277","Afro-Asiatic","تقدم",1,4,"Arabic",0.000783085356303837,6,5
"278","Afro-Asiatic","فلن",1,3,"Arabic",0.000783085356303837,3,5
"279","Afro-Asiatic","هناك",1,4,"Arabic",0.000783085356303837,4,5
"280","Afro-Asiatic","أساسه",1,5,"Arabic",0.000783085356303837,6,5
"281","Afro-Asiatic","الوضع",1,5,"Arabic",0.000783085356303837,2,5
"282","Afro-Asiatic","القانوني",1,8,"Arabic",0.000783085356303837,4,5
"283","Afro-Asiatic","لبلد",1,4,"Arabic",0.000783085356303837,6,5
"284","Afro-Asiatic","ينتمي",1,5,"Arabic",0.000783085356303837,5,5
"285","Afro-Asiatic","البلد",1,5,"Arabic",0.000783085356303837,5,5
"286","Afro-Asiatic","مستقلا",1,6,"Arabic",0.000783085356303837,8,5
"287","Afro-Asiatic","تحت",1,3,"Arabic",0.000783085356303837,4,5
"288","Afro-Asiatic","الوصاية",1,7,"Arabic",0.000783085356303837,7,5
"289","Afro-Asiatic","متمتع",1,5,"Arabic",0.000783085356303837,3,5
"290","Afro-Asiatic","بالحكم",1,6,"Arabic",0.000783085356303837,4,5
"291","Afro-Asiatic","الذاتي",1,6,"Arabic",0.000783085356303837,6,5
"292","Afro-Asiatic","سيادته",1,6,"Arabic",0.000783085356303837,3,5
"293","Afro-Asiatic","خاضعة",1,5,"Arabic",0.000783085356303837,7,5
"294","Afro-Asiatic","لأي",1,3,"Arabic",0.000783085356303837,5,5
"295","Afro-Asiatic","والحرية",1,7,"Arabic",0.000783085356303837,5,5
"296","Afro-Asiatic","وسلامة",1,6,"Arabic",0.000783085356303837,5,5
"297","Afro-Asiatic","شخصه",1,4,"Arabic",0.000783085356303837,7,5
"298","Afro-Asiatic","لايجوز",1,6,"Arabic",0.000783085356303837,6,5
"299","Afro-Asiatic","استرقاق",1,7,"Arabic",0.000783085356303837,5,5
"300","Afro-Asiatic","استعباد",1,7,"Arabic",0.000783085356303837,4,5
"301","Afro-Asiatic","ويحظر",1,5,"Arabic",0.000783085356303837,6,5
"302","Afro-Asiatic","الاسترقاق",1,9,"Arabic",0.000783085356303837,6,5
"303","Afro-Asiatic","وتجارة",1,6,"Arabic",0.000783085356303837,6,5
"304","Afro-Asiatic","الرقيق",1,6,"Arabic",0.000783085356303837,3,5
"305","Afro-Asiatic","أوضاعهما",1,8,"Arabic",0.000783085356303837,8,5
"306","Afro-Asiatic","لايعرض",1,6,"Arabic",0.000783085356303837,7,5
"307","Afro-Asiatic","للتعذيب",1,7,"Arabic",0.000783085356303837,4,5
"308","Afro-Asiatic","ولا",1,3,"Arabic",0.000783085356303837,3,5
"309","Afro-Asiatic","للعقوبات",1,8,"Arabic",0.000783085356303837,5,5
"310","Afro-Asiatic","المعاملات",1,9,"Arabic",0.000783085356303837,4,5
"311","Afro-Asiatic","القاسية",1,7,"Arabic",0.000783085356303837,9,5
"312","Afro-Asiatic","الوحشية",1,7,"Arabic",0.000783085356303837,5,5
"313","Afro-Asiatic","الحاطة",1,6,"Arabic",0.000783085356303837,8,5
"314","Afro-Asiatic","أينما",1,5,"Arabic",0.000783085356303837,7,5
"315","Afro-Asiatic","وجد",1,3,"Arabic",0.000783085356303837,8,5
"316","Afro-Asiatic","يعترف",1,5,"Arabic",0.000783085356303837,5,5
"317","Afro-Asiatic","بشخصيته",1,7,"Arabic",0.000783085356303837,7,5
"318","Afro-Asiatic","القانونية",1,9,"Arabic",0.000783085356303837,7,5
"319","Afro-Asiatic","سواسية",1,6,"Arabic",0.000783085356303837,8,5
"320","Afro-Asiatic","ولهم",1,4,"Arabic",0.000783085356303837,6,5
"321","Afro-Asiatic","متكافئة",1,7,"Arabic",0.000783085356303837,6,5
"322","Afro-Asiatic","لهم",1,3,"Arabic",0.000783085356303837,5,5
"323","Afro-Asiatic","جميعا",1,5,"Arabic",0.000783085356303837,7,5
"324","Afro-Asiatic","ضد",1,2,"Arabic",0.000783085356303837,6,5
"325","Afro-Asiatic","تميز",1,4,"Arabic",0.000783085356303837,3,5
"326","Afro-Asiatic","يخل",1,3,"Arabic",0.000783085356303837,4,5
"327","Afro-Asiatic","وضد",1,3,"Arabic",0.000783085356303837,4,5
"328","Afro-Asiatic","تحريض",1,5,"Arabic",0.000783085356303837,4,5
"329","Afro-Asiatic","كهذا",1,4,"Arabic",0.000783085356303837,8,5
"330","Afro-Asiatic","المحاكم",1,7,"Arabic",0.000783085356303837,5,5
"331","Afro-Asiatic","الوطنية",1,7,"Arabic",0.000783085356303837,7,5
"332","Afro-Asiatic","لإنصافه",1,7,"Arabic",0.000783085356303837,5,5
"333","Afro-Asiatic","اعتداء",1,6,"Arabic",0.000783085356303837,7,5
"334","Afro-Asiatic","يمنحها",1,6,"Arabic",0.000783085356303837,8,5
"335","Afro-Asiatic","القبض",1,5,"Arabic",0.000783085356303837,8,5
"336","Afro-Asiatic","حجزه",1,4,"Arabic",0.000783085356303837,7,5
"337","Afro-Asiatic","نفيه",1,4,"Arabic",0.000783085356303837,8,5
"338","Afro-Asiatic","الآخرين",1,7,"Arabic",0.000783085356303837,6,5
"339","Afro-Asiatic","تنظر",1,4,"Arabic",0.000783085356303837,7,5
"340","Afro-Asiatic","قضيته",1,5,"Arabic",0.000783085356303837,4,5
"341","Afro-Asiatic","محكمة",1,5,"Arabic",0.000783085356303837,3,5
"342","Afro-Asiatic","مستقلة",1,6,"Arabic",0.000783085356303837,3,5
"343","Afro-Asiatic","للفصل",1,5,"Arabic",0.000783085356303837,6,5
"344","Afro-Asiatic","والتزاماته",1,10,"Arabic",0.000783085356303837,4,5
"345","Afro-Asiatic","وأية",1,4,"Arabic",0.000783085356303837,5,5
"346","Afro-Asiatic","تهمة",1,4,"Arabic",0.000783085356303837,4,5
"347","Afro-Asiatic","جنائية",1,6,"Arabic",0.000783085356303837,6,5
"348","Afro-Asiatic","توجه",1,4,"Arabic",0.000783085356303837,5,5
"349","Afro-Asiatic","متهم",1,4,"Arabic",0.000783085356303837,4,5
"350","Afro-Asiatic","بجريمة",1,6,"Arabic",0.000783085356303837,6,5
"351","Afro-Asiatic","تثبت",1,4,"Arabic",0.000783085356303837,5,5
"352","Afro-Asiatic","إدانته",1,6,"Arabic",0.000783085356303837,7,5
"353","Afro-Asiatic","بمحاكمة",1,7,"Arabic",0.000783085356303837,5,5
"354","Afro-Asiatic","علنية",1,5,"Arabic",0.000783085356303837,7,5
"355","Afro-Asiatic","تؤمن",1,4,"Arabic",0.000783085356303837,2,5
"356","Afro-Asiatic","الضمانات",1,8,"Arabic",0.000783085356303837,6,5
"357","Afro-Asiatic","الضرورية",1,8,"Arabic",0.000783085356303837,5,5
"358","Afro-Asiatic","للدفاع",1,6,"Arabic",0.000783085356303837,5,5
"359","Afro-Asiatic","يدان",1,4,"Arabic",0.000783085356303837,5,5
"360","Afro-Asiatic","جراء",1,4,"Arabic",0.000783085356303837,5,5
"361","Afro-Asiatic","الامتناع",1,8,"Arabic",0.000783085356303837,7,5
"362","Afro-Asiatic","إذا",1,3,"Arabic",0.000783085356303837,6,5
"363","Afro-Asiatic","للقانون",1,7,"Arabic",0.000783085356303837,9,5
"364","Afro-Asiatic","الارتكاب",1,8,"Arabic",0.000783085356303837,4,5
"365","Afro-Asiatic","كذلك",1,4,"Arabic",0.000783085356303837,7,5
"366","Afro-Asiatic","توقع",1,4,"Arabic",0.000783085356303837,7,5
"367","Afro-Asiatic","عليه",1,4,"Arabic",0.000783085356303837,2,5
"368","Afro-Asiatic","عقوبة",1,5,"Arabic",0.000783085356303837,6,5
"369","Afro-Asiatic","أشد",1,3,"Arabic",0.000783085356303837,7,5
"370","Afro-Asiatic","توقيعها",1,7,"Arabic",0.000783085356303837,6,5
"371","Afro-Asiatic","ارتكاب",1,6,"Arabic",0.000783085356303837,5,5
"372","Afro-Asiatic","الجريمة",1,7,"Arabic",0.000783085356303837,6,6
"373","Afro-Asiatic","يعرض",1,4,"Arabic",0.000783085356303837,4,6
"374","Afro-Asiatic","لتدخل",1,5,"Arabic",0.000783085356303837,8,6
"375","Afro-Asiatic","تعسفي",1,5,"Arabic",0.000783085356303837,5,6
"376","Afro-Asiatic","حياته",1,5,"Arabic",0.000783085356303837,5,6
"377","Afro-Asiatic","الخاصة",1,6,"Arabic",0.000783085356303837,7,6
"378","Afro-Asiatic","أسرته",1,5,"Arabic",0.000783085356303837,4,6
"379","Afro-Asiatic","مسكنه",1,5,"Arabic",0.000783085356303837,7,6
"380","Afro-Asiatic","مراسلاته",1,8,"Arabic",0.000783085356303837,5,6
"381","Afro-Asiatic","لحملات",1,6,"Arabic",0.000783085356303837,4,6
"382","Afro-Asiatic","شرفه",1,4,"Arabic",0.000783085356303837,7,6
"383","Afro-Asiatic","وسمعته",1,6,"Arabic",0.000783085356303837,4,6
"384","Afro-Asiatic","ولكل",1,4,"Arabic",0.000783085356303837,6,6
"385","Afro-Asiatic","مثل",1,3,"Arabic",0.000783085356303837,7,6
"386","Afro-Asiatic","التدخل",1,6,"Arabic",0.000783085356303837,8,6
"387","Afro-Asiatic","الحملات",1,7,"Arabic",0.000783085356303837,5,6
"388","Afro-Asiatic","التنقل",1,6,"Arabic",0.000783085356303837,3,6
"389","Afro-Asiatic","واختيار",1,7,"Arabic",0.000783085356303837,9,6
"390","Afro-Asiatic","محل",1,3,"Arabic",0.000783085356303837,5,6
"391","Afro-Asiatic","إقامته",1,6,"Arabic",0.000783085356303837,6,6
"392","Afro-Asiatic","داخل",1,4,"Arabic",0.000783085356303837,10,6
"393","Afro-Asiatic","حدود",1,4,"Arabic",0.000783085356303837,8,6
"394","Afro-Asiatic","يغادر",1,5,"Arabic",0.000783085356303837,8,6
"395","Afro-Asiatic","بما",1,3,"Arabic",0.000783085356303837,8,6
"396","Afro-Asiatic","بلده",1,4,"Arabic",0.000783085356303837,5,6
"397","Afro-Asiatic","العودة",1,6,"Arabic",0.000783085356303837,8,6
"398","Afro-Asiatic","يحاول",1,5,"Arabic",0.000783085356303837,4,6
"399","Afro-Asiatic","الالتجاء",1,8,"Arabic",0.000783085356303837,5,6
"400","Afro-Asiatic","الاضطهاد",1,8,"Arabic",0.000783085356303837,8,6
"401","Afro-Asiatic","ينتفع",1,5,"Arabic",0.000783085356303837,5,6
"402","Afro-Asiatic","للمحاكمة",1,8,"Arabic",0.000783085356303837,7,6
"403","Afro-Asiatic","جرائم",1,5,"Arabic",0.000783085356303837,5,6
"404","Afro-Asiatic","سياسية",1,6,"Arabic",0.000783085356303837,5,6
"405","Afro-Asiatic","لأعمال",1,6,"Arabic",0.000783085356303837,4,6
"406","Afro-Asiatic","تناقض",1,5,"Arabic",0.000783085356303837,7,6
"407","Afro-Asiatic","بجنسية",1,6,"Arabic",0.000783085356303837,6,6
"408","Afro-Asiatic","حرمان",1,5,"Arabic",0.000783085356303837,5,6
"409","Afro-Asiatic","جنسيته",1,6,"Arabic",0.000783085356303837,9,6
"410","Afro-Asiatic","إنكار",1,5,"Arabic",0.000783085356303837,6,6
"411","Afro-Asiatic","حقه",1,3,"Arabic",0.000783085356303837,4,6
"412","Afro-Asiatic","تغييرها",1,7,"Arabic",0.000783085356303837,6,6
"413","Afro-Asiatic","للرجل",1,5,"Arabic",0.000783085356303837,3,6
"414","Afro-Asiatic","والمرأة",1,7,"Arabic",0.000783085356303837,4,6
"415","Afro-Asiatic","متى",1,3,"Arabic",0.000783085356303837,6,6
"416","Afro-Asiatic","بلغا",1,4,"Arabic",0.000783085356303837,8,6
"417","Afro-Asiatic","سن",1,2,"Arabic",0.000783085356303837,6,6
"418","Afro-Asiatic","التزوج",1,6,"Arabic",0.000783085356303837,5,6
"419","Afro-Asiatic","وتأسيس",1,6,"Arabic",0.000783085356303837,6,6
"420","Afro-Asiatic","أسرة",1,4,"Arabic",0.000783085356303837,4,6
"421","Afro-Asiatic","ولهما",1,5,"Arabic",0.000783085356303837,6,6
"422","Afro-Asiatic","وأثناء",1,6,"Arabic",0.000783085356303837,8,6
"423","Afro-Asiatic","قيامه",1,5,"Arabic",0.000783085356303837,4,6
"424","Afro-Asiatic","وعند",1,4,"Arabic",0.000783085356303837,6,6
"425","Afro-Asiatic","انحلاله",1,7,"Arabic",0.000783085356303837,7,6
"426","Afro-Asiatic","يبرم",1,4,"Arabic",0.000783085356303837,4,6
"427","Afro-Asiatic","عقد",1,3,"Arabic",0.000783085356303837,4,6
"428","Afro-Asiatic","برضى",1,4,"Arabic",0.000783085356303837,8,6
"429","Afro-Asiatic","الطرفين",1,7,"Arabic",0.000783085356303837,4,6
"430","Afro-Asiatic","الراغبين",1,8,"Arabic",0.000783085356303837,7,6
"431","Afro-Asiatic","رضى",1,3,"Arabic",0.000783085356303837,7,6
"432","Afro-Asiatic","إكراه",1,5,"Arabic",0.000783085356303837,2,6
"433","Afro-Asiatic","الوحدة",1,6,"Arabic",0.000783085356303837,6,6
"434","Afro-Asiatic","الطبيعية",1,8,"Arabic",0.000783085356303837,4,6
"435","Afro-Asiatic","للمجتمع",1,7,"Arabic",0.000783085356303837,4,6
"436","Afro-Asiatic","ولها",1,4,"Arabic",0.000783085356303837,6,6
"437","Afro-Asiatic","والدولة",1,7,"Arabic",0.000783085356303837,4,6
"438","Afro-Asiatic","التملك",1,6,"Arabic",0.000783085356303837,6,6
"439","Afro-Asiatic","بمفرده",1,6,"Arabic",0.000783085356303837,8,6
"440","Afro-Asiatic","بالاشتراك",1,9,"Arabic",0.000783085356303837,5,6
"441","Afro-Asiatic","غيره",1,4,"Arabic",0.000783085356303837,2,6
"442","Afro-Asiatic","تجريد",1,5,"Arabic",0.000783085356303837,9,6
"443","Afro-Asiatic","ملكه",1,4,"Arabic",0.000783085356303837,4,6
"444","Afro-Asiatic","التفكير",1,7,"Arabic",0.000783085356303837,7,6
"445","Afro-Asiatic","والضمير",1,7,"Arabic",0.000783085356303837,4,6
"446","Afro-Asiatic","والدين",1,6,"Arabic",0.000783085356303837,6,6
"447","Afro-Asiatic","تغيير",1,5,"Arabic",0.000783085356303837,4,6
"448","Afro-Asiatic","ديانته",1,6,"Arabic",0.000783085356303837,4,6
"449","Afro-Asiatic","عقيدته",1,6,"Arabic",0.000783085356303837,5,6
"450","Afro-Asiatic","وحرية",1,5,"Arabic",0.000783085356303837,5,6
"451","Afro-Asiatic","الإعراب",1,7,"Arabic",0.000783085356303837,8,6
"452","Afro-Asiatic","عنهما",1,5,"Arabic",0.000783085356303837,6,6
"453","Afro-Asiatic","بالتعليم",1,8,"Arabic",0.000783085356303837,3,6
"454","Afro-Asiatic","والممارسة",1,9,"Arabic",0.000783085356303837,5,6
"455","Afro-Asiatic","وإقامة",1,6,"Arabic",0.000783085356303837,6,6
"456","Afro-Asiatic","الشعائر",1,7,"Arabic",0.000783085356303837,4,6
"457","Afro-Asiatic","أكان",1,4,"Arabic",0.000783085356303837,8,6
"458","Afro-Asiatic","أم",1,2,"Arabic",0.000783085356303837,7,6
"459","Afro-Asiatic","الجماعة",1,7,"Arabic",0.000783085356303837,3,6
"460","Afro-Asiatic","والتعبير",1,8,"Arabic",0.000783085356303837,8,6
"461","Afro-Asiatic","اعتناق",1,6,"Arabic",0.000783085356303837,5,6
"462","Afro-Asiatic","الآراء",1,6,"Arabic",0.000783085356303837,3,6
"463","Afro-Asiatic","تدخل",1,4,"Arabic",0.000783085356303837,4,6
"464","Afro-Asiatic","واستقاء",1,7,"Arabic",0.000783085356303837,4,6
"465","Afro-Asiatic","الأنباء",1,7,"Arabic",0.000783085356303837,5,6
"466","Afro-Asiatic","والأفكار",1,8,"Arabic",0.000783085356303837,4,6
"467","Afro-Asiatic","وتلقيها",1,7,"Arabic",0.000783085356303837,4,6
"468","Afro-Asiatic","وإذاعتها",1,8,"Arabic",0.000783085356303837,7,6
"469","Afro-Asiatic","بأية",1,4,"Arabic",0.000783085356303837,5,6
"470","Afro-Asiatic","وسيلة",1,5,"Arabic",0.000783085356303837,5,6
"471","Afro-Asiatic","تقيد",1,4,"Arabic",0.000783085356303837,5,6
"472","Afro-Asiatic","بالحدود",1,7,"Arabic",0.000783085356303837,7,6
"473","Afro-Asiatic","الجغرافية",1,9,"Arabic",0.000783085356303837,2,6
"474","Afro-Asiatic","الجمعيات",1,8,"Arabic",0.000783085356303837,3,6
"475","Afro-Asiatic","السلمية",1,7,"Arabic",0.000783085356303837,7,6
"476","Afro-Asiatic","إرغام",1,5,"Arabic",0.000783085356303837,3,6
"477","Afro-Asiatic","الانضمام",1,8,"Arabic",0.000783085356303837,3,6
"478","Afro-Asiatic","جمعية",1,5,"Arabic",0.000783085356303837,3,6
"479","Afro-Asiatic","إدارة",1,5,"Arabic",0.000783085356303837,6,6
"480","Afro-Asiatic","الشؤون",1,6,"Arabic",0.000783085356303837,4,6
"481","Afro-Asiatic","لبلاده",1,6,"Arabic",0.000783085356303837,7,6
"482","Afro-Asiatic","إما",1,3,"Arabic",0.000783085356303837,5,6
"483","Afro-Asiatic","مباشرة",1,6,"Arabic",0.000783085356303837,6,6
"484","Afro-Asiatic","وإما",1,4,"Arabic",0.000783085356303837,5,6
"485","Afro-Asiatic","بواسطة",1,6,"Arabic",0.000783085356303837,5,6
"486","Afro-Asiatic","ممثلين",1,6,"Arabic",0.000783085356303837,4,6
"487","Afro-Asiatic","يختارون",1,7,"Arabic",0.000783085356303837,4,6
"488","Afro-Asiatic","نفس",1,3,"Arabic",0.000783085356303837,3,6
"489","Afro-Asiatic","لغيره",1,5,"Arabic",0.000783085356303837,7,6
"490","Afro-Asiatic","تقلد",1,4,"Arabic",0.000783085356303837,3,6
"491","Afro-Asiatic","الوظائف",1,7,"Arabic",0.000783085356303837,5,6
"492","Afro-Asiatic","البلاد",1,6,"Arabic",0.000783085356303837,9,6
"493","Afro-Asiatic","إن",1,2,"Arabic",0.000783085356303837,9,6
"494","Afro-Asiatic","إرادة",1,5,"Arabic",0.000783085356303837,11,6
"495","Afro-Asiatic","الشعب",1,5,"Arabic",0.000783085356303837,4,6
"496","Afro-Asiatic","مصدر",1,4,"Arabic",0.000783085356303837,10,6
"497","Afro-Asiatic","سلطة",1,4,"Arabic",0.000783085356303837,3,6
"498","Afro-Asiatic","الحكومة",1,7,"Arabic",0.000783085356303837,3,6
"499","Afro-Asiatic","ويعبر",1,5,"Arabic",0.000783085356303837,3,6
"500","Afro-Asiatic","الإرادة",1,7,"Arabic",0.000783085356303837,3,6
"501","Afro-Asiatic","بانتخابات",1,9,"Arabic",0.000783085356303837,6,6
"502","Afro-Asiatic","تجري",1,4,"Arabic",0.000783085356303837,5,6
"503","Afro-Asiatic","الاقتراع",1,8,"Arabic",0.000783085356303837,6,6
"504","Afro-Asiatic","السري",1,5,"Arabic",0.000783085356303837,4,6
"505","Afro-Asiatic","الجميع",1,6,"Arabic",0.000783085356303837,7,6
"506","Afro-Asiatic","حسب",1,3,"Arabic",0.000783085356303837,3,7
"507","Afro-Asiatic","إجراء",1,5,"Arabic",0.000783085356303837,4,7
"508","Afro-Asiatic","مماثل",1,5,"Arabic",0.000783085356303837,5,7
"509","Afro-Asiatic","يضمن",1,4,"Arabic",0.000783085356303837,7,7
"510","Afro-Asiatic","التصويت",1,7,"Arabic",0.000783085356303837,4,7
"511","Afro-Asiatic","بصفته",1,5,"Arabic",0.000783085356303837,6,7
"512","Afro-Asiatic","الضمانة",1,7,"Arabic",0.000783085356303837,5,7
"513","Afro-Asiatic","تحقق",1,4,"Arabic",0.000783085356303837,5,7
"514","Afro-Asiatic","بوساطة",1,6,"Arabic",0.000783085356303837,5,7
"515","Afro-Asiatic","المجهود",1,7,"Arabic",0.000783085356303837,6,7
"516","Afro-Asiatic","القومي",1,6,"Arabic",0.000783085356303837,5,7
"517","Afro-Asiatic","والتعاون",1,8,"Arabic",0.000783085356303837,4,7
"518","Afro-Asiatic","يتفق",1,4,"Arabic",0.000783085356303837,3,7
"519","Afro-Asiatic","ونظم",1,4,"Arabic",0.000783085356303837,7,7
"520","Afro-Asiatic","ومواردها",1,8,"Arabic",0.000783085356303837,6,7
"521","Afro-Asiatic","الاقتصادية",1,10,"Arabic",0.000783085356303837,7,7
"522","Afro-Asiatic","والاجتماعية",1,11,"Arabic",0.000783085356303837,4,7
"523","Afro-Asiatic","والتربوية",1,9,"Arabic",0.000783085356303837,5,7
"524","Afro-Asiatic","لاغنى",1,5,"Arabic",0.000783085356303837,5,7
"525","Afro-Asiatic","عنها",1,4,"Arabic",0.000783085356303837,5,7
"526","Afro-Asiatic","لكرامته",1,7,"Arabic",0.000783085356303837,7,7
"527","Afro-Asiatic","وللنمو",1,6,"Arabic",0.000783085356303837,5,7
"528","Afro-Asiatic","الحر",1,4,"Arabic",0.000783085356303837,7,7
"529","Afro-Asiatic","اختياره",1,7,"Arabic",0.000783085356303837,4,7
"530","Afro-Asiatic","بشروط",1,5,"Arabic",0.000783085356303837,5,7
"531","Afro-Asiatic","عادلة",1,5,"Arabic",0.000783085356303837,6,7
"532","Afro-Asiatic","مرضية",1,5,"Arabic",0.000783085356303837,9,7
"533","Afro-Asiatic","متساو",1,5,"Arabic",0.000783085356303837,3,7
"534","Afro-Asiatic","للعمل",1,5,"Arabic",0.000783085356303837,4,7
"535","Afro-Asiatic","يقوم",1,4,"Arabic",0.000783085356303837,4,7
"536","Afro-Asiatic","بعمل",1,4,"Arabic",0.000783085356303837,8,7
"537","Afro-Asiatic","عادل",1,4,"Arabic",0.000783085356303837,6,7
"538","Afro-Asiatic","مرض",1,3,"Arabic",0.000783085356303837,4,7
"539","Afro-Asiatic","يكفل",1,4,"Arabic",0.000783085356303837,4,7
"540","Afro-Asiatic","عيشة",1,4,"Arabic",0.000783085356303837,5,7
"541","Afro-Asiatic","لائقة",1,5,"Arabic",0.000783085356303837,6,7
"542","Afro-Asiatic","بكرامة",1,6,"Arabic",0.000783085356303837,6,7
"543","Afro-Asiatic","تضاف",1,4,"Arabic",0.000783085356303837,5,7
"544","Afro-Asiatic","اللزوم",1,6,"Arabic",0.000783085356303837,7,7
"545","Afro-Asiatic","للحماية",1,7,"Arabic",0.000783085356303837,8,7
"546","Afro-Asiatic","ينشئ",1,4,"Arabic",0.000783085356303837,5,7
"547","Afro-Asiatic","وينضم",1,5,"Arabic",0.000783085356303837,4,7
"548","Afro-Asiatic","نقابات",1,6,"Arabic",0.000783085356303837,7,7
"549","Afro-Asiatic","لمصلحته",1,7,"Arabic",0.000783085356303837,6,7
"550","Afro-Asiatic","الراحة",1,6,"Arabic",0.000783085356303837,7,7
"551","Afro-Asiatic","أوقات",1,5,"Arabic",0.000783085356303837,8,7
"552","Afro-Asiatic","الفراغ",1,6,"Arabic",0.000783085356303837,6,7
"553","Afro-Asiatic","ولاسيما",1,7,"Arabic",0.000783085356303837,6,7
"554","Afro-Asiatic","تحديد",1,5,"Arabic",0.000783085356303837,3,7
"555","Afro-Asiatic","معقول",1,5,"Arabic",0.000783085356303837,5,7
"556","Afro-Asiatic","لساعات",1,6,"Arabic",0.000783085356303837,4,7
"557","Afro-Asiatic","عطلات",1,5,"Arabic",0.000783085356303837,5,7
"558","Afro-Asiatic","بأجر",1,4,"Arabic",0.000783085356303837,6,7
"559","Afro-Asiatic","المعيشة",1,7,"Arabic",0.000783085356303837,4,7
"560","Afro-Asiatic","كاف",1,3,"Arabic",0.000783085356303837,7,7
"561","Afro-Asiatic","للمحافظة",1,8,"Arabic",0.000783085356303837,5,7
"562","Afro-Asiatic","الصحة",1,5,"Arabic",0.000783085356303837,6,7
"563","Afro-Asiatic","والرفاهية",1,9,"Arabic",0.000783085356303837,7,7
"564","Afro-Asiatic","ويتضمن",1,6,"Arabic",0.000783085356303837,4,7
"565","Afro-Asiatic","التغذية",1,7,"Arabic",0.000783085356303837,7,7
"566","Afro-Asiatic","والملبس",1,7,"Arabic",0.000783085356303837,7,7
"567","Afro-Asiatic","والمسكن",1,7,"Arabic",0.000783085356303837,4,7
"568","Afro-Asiatic","والعناية",1,8,"Arabic",0.000783085356303837,7,7
"569","Afro-Asiatic","الطبية",1,6,"Arabic",0.000783085356303837,4,7
"570","Afro-Asiatic","وكذلك",1,5,"Arabic",0.000783085356303837,4,7
"571","Afro-Asiatic","الخدمات",1,7,"Arabic",0.000783085356303837,7,7
"572","Afro-Asiatic","اللازمة",1,7,"Arabic",0.000783085356303837,5,7
"573","Afro-Asiatic","تأمين",1,5,"Arabic",0.000783085356303837,5,7
"574","Afro-Asiatic","معيشته",1,6,"Arabic",0.000783085356303837,8,7
"575","Afro-Asiatic","حالات",1,5,"Arabic",0.000783085356303837,6,7
"576","Afro-Asiatic","والمرض",1,6,"Arabic",0.000783085356303837,7,7
"577","Afro-Asiatic","والعجز",1,6,"Arabic",0.000783085356303837,8,7
"578","Afro-Asiatic","والترمل",1,7,"Arabic",0.000783085356303837,5,7
"579","Afro-Asiatic","والشيخوخة",1,9,"Arabic",0.000783085356303837,3,7
"580","Afro-Asiatic","وغير",1,4,"Arabic",0.000783085356303837,5,7
"581","Afro-Asiatic","فقدان",1,5,"Arabic",0.000783085356303837,4,7
"582","Afro-Asiatic","العيش",1,5,"Arabic",0.000783085356303837,5,7
"583","Afro-Asiatic","نتيجة",1,5,"Arabic",0.000783085356303837,7,7
"584","Afro-Asiatic","لظروف",1,5,"Arabic",0.000783085356303837,9,7
"585","Afro-Asiatic","خارجة",1,5,"Arabic",0.000783085356303837,6,7
"586","Afro-Asiatic","إرادته",1,6,"Arabic",0.000783085356303837,3,7
"587","Afro-Asiatic","للأمومة",1,7,"Arabic",0.000783085356303837,6,7
"588","Afro-Asiatic","والطفولة",1,8,"Arabic",0.000783085356303837,4,7
"589","Afro-Asiatic","مساعدة",1,6,"Arabic",0.000783085356303837,6,7
"590","Afro-Asiatic","ورعاية",1,6,"Arabic",0.000783085356303837,8,7
"591","Afro-Asiatic","خاصتين",1,6,"Arabic",0.000783085356303837,4,7
"592","Afro-Asiatic","وينعم",1,5,"Arabic",0.000783085356303837,4,7
"593","Afro-Asiatic","الأطفال",1,7,"Arabic",0.000783085356303837,7,7
"594","Afro-Asiatic","بنفس",1,4,"Arabic",0.000783085356303837,3,7
"595","Afro-Asiatic","أكانت",1,5,"Arabic",0.000783085356303837,6,7
"596","Afro-Asiatic","ولادتهم",1,7,"Arabic",0.000783085356303837,5,7
"597","Afro-Asiatic","ناتجة",1,5,"Arabic",0.000783085356303837,7,7
"598","Afro-Asiatic","رباط",1,4,"Arabic",0.000783085356303837,7,7
"599","Afro-Asiatic","شرعي",1,4,"Arabic",0.000783085356303837,6,7
"600","Afro-Asiatic","بطريقة",1,6,"Arabic",0.000783085356303837,7,7
"601","Afro-Asiatic","شرعية",1,5,"Arabic",0.000783085356303837,4,7
"602","Afro-Asiatic","التعلم",1,6,"Arabic",0.000783085356303837,4,7
"603","Afro-Asiatic","ويجب",1,4,"Arabic",0.000783085356303837,5,7
"604","Afro-Asiatic","مراحله",1,6,"Arabic",0.000783085356303837,6,7
"605","Afro-Asiatic","الأولى",1,6,"Arabic",0.000783085356303837,9,7
"606","Afro-Asiatic","والأساسية",1,9,"Arabic",0.000783085356303837,4,7
"607","Afro-Asiatic","الأقل",1,5,"Arabic",0.000783085356303837,5,7
"608","Afro-Asiatic","بالمجان",1,7,"Arabic",0.000783085356303837,4,7
"609","Afro-Asiatic","الأولي",1,6,"Arabic",0.000783085356303837,7,7
"610","Afro-Asiatic","وينبغي",1,6,"Arabic",0.000783085356303837,7,7
"611","Afro-Asiatic","يعمم",1,4,"Arabic",0.000783085356303837,8,7
"612","Afro-Asiatic","والمهني",1,7,"Arabic",0.000783085356303837,5,7
"613","Afro-Asiatic","ييسر",1,4,"Arabic",0.000783085356303837,5,7
"614","Afro-Asiatic","القبول",1,6,"Arabic",0.000783085356303837,6,7
"615","Afro-Asiatic","للتعليم",1,7,"Arabic",0.000783085356303837,6,7
"616","Afro-Asiatic","العالي",1,6,"Arabic",0.000783085356303837,6,7
"617","Afro-Asiatic","للجميع",1,6,"Arabic",0.000783085356303837,6,7
"618","Afro-Asiatic","الكفاءة",1,7,"Arabic",0.000783085356303837,6,7
"619","Afro-Asiatic","يجب",1,3,"Arabic",0.000783085356303837,7,7
"620","Afro-Asiatic","تهدف",1,4,"Arabic",0.000783085356303837,6,8
"621","Afro-Asiatic","التربية",1,7,"Arabic",0.000783085356303837,7,8
"622","Afro-Asiatic","شخصية",1,5,"Arabic",0.000783085356303837,5,8
"623","Afro-Asiatic","وتنمية",1,6,"Arabic",0.000783085356303837,4,8
"624","Afro-Asiatic","التفاهم",1,7,"Arabic",0.000783085356303837,2,8
"625","Afro-Asiatic","والتسامح",1,8,"Arabic",0.000783085356303837,7,8
"626","Afro-Asiatic","والصداقة",1,8,"Arabic",0.000783085356303837,6,8
"627","Afro-Asiatic","العنصرية",1,8,"Arabic",0.000783085356303837,3,8
"628","Afro-Asiatic","الدينية",1,7,"Arabic",0.000783085356303837,5,8
"629","Afro-Asiatic","زيادة",1,5,"Arabic",0.000783085356303837,8,8
"630","Afro-Asiatic","مجهود",1,5,"Arabic",0.000783085356303837,3,8
"631","Afro-Asiatic","لحفظ",1,4,"Arabic",0.000783085356303837,6,8
"632","Afro-Asiatic","السلام",1,6,"Arabic",0.000783085356303837,7,8
"633","Afro-Asiatic","للآباء",1,6,"Arabic",0.000783085356303837,3,8
"634","Afro-Asiatic","الأول",1,5,"Arabic",0.000783085356303837,7,8
"635","Afro-Asiatic","اختيار",1,6,"Arabic",0.000783085356303837,4,8
"636","Afro-Asiatic","نوع",1,3,"Arabic",0.000783085356303837,5,8
"637","Afro-Asiatic","تربية",1,5,"Arabic",0.000783085356303837,7,8
"638","Afro-Asiatic","أولادهم",1,7,"Arabic",0.000783085356303837,7,8
"639","Afro-Asiatic","يشترك",1,5,"Arabic",0.000783085356303837,9,8
"640","Afro-Asiatic","حياة",1,4,"Arabic",0.000783085356303837,6,8
"641","Afro-Asiatic","الثقافي",1,7,"Arabic",0.000783085356303837,4,8
"642","Afro-Asiatic","الاستمتاع",1,9,"Arabic",0.000783085356303837,6,8
"643","Afro-Asiatic","بالفنون",1,7,"Arabic",0.000783085356303837,6,8
"644","Afro-Asiatic","والمساهمة",1,9,"Arabic",0.000783085356303837,6,8
"645","Afro-Asiatic","التقدم",1,6,"Arabic",0.000783085356303837,7,8
"646","Afro-Asiatic","والاستفادة",1,10,"Arabic",0.000783085356303837,5,8
"647","Afro-Asiatic","نتائجه",1,6,"Arabic",0.000783085356303837,7,8
"648","Afro-Asiatic","المصالح",1,7,"Arabic",0.000783085356303837,7,8
"649","Afro-Asiatic","الأدبية",1,7,"Arabic",0.000783085356303837,6,8
"650","Afro-Asiatic","والمادية",1,8,"Arabic",0.000783085356303837,5,8
"651","Afro-Asiatic","المترتبة",1,8,"Arabic",0.000783085356303837,5,8
"652","Afro-Asiatic","إنتاجه",1,6,"Arabic",0.000783085356303837,4,8
"653","Afro-Asiatic","الأدبي",1,6,"Arabic",0.000783085356303837,5,8
"654","Afro-Asiatic","بنظام",1,5,"Arabic",0.000783085356303837,3,8
"655","Afro-Asiatic","اجتماعي",1,7,"Arabic",0.000783085356303837,4,8
"656","Afro-Asiatic","دولي",1,4,"Arabic",0.000783085356303837,5,8
"657","Afro-Asiatic","تتحقق",1,5,"Arabic",0.000783085356303837,5,8
"658","Afro-Asiatic","بمقتضاه",1,7,"Arabic",0.000783085356303837,6,8
"659","Afro-Asiatic","المنصوص",1,7,"Arabic",0.000783085356303837,9,8
"660","Afro-Asiatic","عليها",1,5,"Arabic",0.000783085356303837,5,8
"661","Afro-Asiatic","تاما",1,4,"Arabic",0.000783085356303837,5,8
"662","Afro-Asiatic","واجبات",1,6,"Arabic",0.000783085356303837,4,8
"663","Afro-Asiatic","نحو",1,3,"Arabic",0.000783085356303837,7,8
"664","Afro-Asiatic","يتاح",1,4,"Arabic",0.000783085356303837,5,8
"665","Afro-Asiatic","وحده",1,4,"Arabic",0.000783085356303837,2,8
"666","Afro-Asiatic","تنمو",1,4,"Arabic",0.000783085356303837,7,8
"667","Afro-Asiatic","يخضع",1,4,"Arabic",0.000783085356303837,5,8
"668","Afro-Asiatic","لتلك",1,4,"Arabic",0.000783085356303837,6,8
"669","Afro-Asiatic","يقررها",1,6,"Arabic",0.000783085356303837,4,8
"670","Afro-Asiatic","فقط",1,3,"Arabic",0.000783085356303837,3,9
"671","Afro-Asiatic","الغير",1,5,"Arabic",0.000783085356303837,2,9
"672","Afro-Asiatic","ولتحقيق",1,7,"Arabic",0.000783085356303837,8,9
"673","Afro-Asiatic","المقتضيات",1,9,"Arabic",0.000783085356303837,4,9
"674","Afro-Asiatic","العادلة",1,7,"Arabic",0.000783085356303837,5,9
"675","Afro-Asiatic","للنظام",1,6,"Arabic",0.000783085356303837,4,9
"676","Afro-Asiatic","والمصلحة",1,8,"Arabic",0.000783085356303837,3,9
"677","Afro-Asiatic","والأخلاق",1,8,"Arabic",0.000783085356303837,4,9
"678","Afro-Asiatic","مجتمع",1,5,"Arabic",0.000783085356303837,3,9
"679","Afro-Asiatic","ديمقراطي",1,8,"Arabic",0.000783085356303837,4,9
"680","Afro-Asiatic","يصح",1,3,"Arabic",0.000783085356303837,9,9
"681","Afro-Asiatic","بحال",1,4,"Arabic",0.000783085356303837,3,9
"682","Afro-Asiatic","الأحوال",1,7,"Arabic",0.000783085356303837,8,9
"683","Afro-Asiatic","تمارس",1,5,"Arabic",0.000783085356303837,7,9
"684","Afro-Asiatic","تتناقض",1,6,"Arabic",0.000783085356303837,5,9
"685","Afro-Asiatic","ليس",1,3,"Arabic",0.000783085356303837,2,9
"686","Afro-Asiatic","نص",1,2,"Arabic",0.000783085356303837,3,9
"687","Afro-Asiatic","تأويله",1,6,"Arabic",0.000783085356303837,6,9
"688","Afro-Asiatic","يخول",1,4,"Arabic",0.000783085356303837,8,9
"689","Afro-Asiatic","لدولة",1,5,"Arabic",0.000783085356303837,5,9
"690","Afro-Asiatic","جماعة",1,5,"Arabic",0.000783085356303837,7,9
"691","Afro-Asiatic","القيام",1,6,"Arabic",0.000783085356303837,4,10
"692","Afro-Asiatic","بنشاط",1,5,"Arabic",0.000783085356303837,7,10
"693","Afro-Asiatic","تأدية",1,5,"Arabic",0.000783085356303837,7,10
"694","Afro-Asiatic","يهدف",1,4,"Arabic",0.000783085356303837,6,10
"695","Afro-Asiatic","هدم",1,3,"Arabic",0.000783085356303837,2,11
